{
    "numeric_summary": {
        "sepal length (cm)": {
            "mean": 5.843333333333334,
            "median": 5.8,
            "std": 0.8253012917851409,
            "skewness": 0.3149109566369728,
            "kurtosis": -0.5520640413156395,
            "count": 150
        },
        "sepal width (cm)": {
            "mean": 3.0573333333333337,
            "median": 3.0,
            "std": 0.4344109677354946,
            "skewness": 0.31896566471359966,
            "kurtosis": 0.2282490424681929,
            "count": 150
        },
        "petal length (cm)": {
            "mean": 3.7580000000000005,
            "median": 4.35,
            "std": 1.759404065775303,
            "skewness": -0.27488417975101276,
            "kurtosis": -1.4021034155217518,
            "count": 150
        },
        "petal width (cm)": {
            "mean": 1.1993333333333336,
            "median": 1.3,
            "std": 0.7596926279021594,
            "skewness": -0.10296674764898116,
            "kurtosis": -1.340603996612646,
            "count": 150
        },
        "target": {
            "mean": 1.0,
            "median": 1.0,
            "std": 0.816496580927726,
            "skewness": 0.0,
            "kurtosis": -1.5101351351351353,
            "count": 150
        }
    },
    "distribution_shapes": {
        "sepal length (cm)": {
            "skewness": 0.3149109566369728,
            "kurtosis": -0.5520640413156395,
            "shape": "normal"
        },
        "sepal width (cm)": {
            "skewness": 0.31896566471359966,
            "kurtosis": 0.2282490424681929,
            "shape": "normal"
        },
        "petal length (cm)": {
            "skewness": -0.27488417975101276,
            "kurtosis": -1.4021034155217518,
            "shape": "normal"
        },
        "petal width (cm)": {
            "skewness": -0.10296674764898116,
            "kurtosis": -1.340603996612646,
            "shape": "normal"
        },
        "target": {
            "skewness": 0.0,
            "kurtosis": -1.5101351351351353,
            "shape": "normal"
        }
    },
    "correlations_pearson": {
        "sepal length (cm)": {
            "sepal length (cm)": 1.0,
            "sepal width (cm)": -0.11756978413300088,
            "petal length (cm)": 0.8717537758865838,
            "petal width (cm)": 0.8179411262715758,
            "target": 0.7825612318100821
        },
        "sepal width (cm)": {
            "sepal length (cm)": -0.11756978413300088,
            "sepal width (cm)": 1.0,
            "petal length (cm)": -0.42844010433053864,
            "petal width (cm)": -0.3661259325364377,
            "target": -0.42665756078112294
        },
        "petal length (cm)": {
            "sepal length (cm)": 0.8717537758865838,
            "sepal width (cm)": -0.42844010433053864,
            "petal length (cm)": 1.0,
            "petal width (cm)": 0.962865431402796,
            "target": 0.9490346990083889
        },
        "petal width (cm)": {
            "sepal length (cm)": 0.8179411262715758,
            "sepal width (cm)": -0.3661259325364377,
            "petal length (cm)": 0.962865431402796,
            "petal width (cm)": 1.0,
            "target": 0.9565473328764024
        },
        "target": {
            "sepal length (cm)": 0.7825612318100821,
            "sepal width (cm)": -0.42665756078112294,
            "petal length (cm)": 0.9490346990083889,
            "petal width (cm)": 0.9565473328764024,
            "target": 1.0
        }
    },
    "correlations_spearman": {
        "sepal length (cm)": {
            "sepal length (cm)": 1.0,
            "sepal width (cm)": -0.166777658283235,
            "petal length (cm)": 0.8818981264349859,
            "petal width (cm)": 0.8342887759080051,
            "target": 0.7980781172420549
        },
        "sepal width (cm)": {
            "sepal length (cm)": -0.166777658283235,
            "sepal width (cm)": 1.0,
            "petal length (cm)": -0.30963508601557777,
            "petal width (cm)": -0.2890317486605842,
            "target": -0.44028958413143404
        },
        "petal length (cm)": {
            "sepal length (cm)": 0.8818981264349859,
            "sepal width (cm)": -0.30963508601557777,
            "petal length (cm)": 1.0,
            "petal width (cm)": 0.9376668235763413,
            "target": 0.9354305169914047
        },
        "petal width (cm)": {
            "sepal length (cm)": 0.8342887759080051,
            "sepal width (cm)": -0.2890317486605842,
            "petal length (cm)": 0.9376668235763413,
            "petal width (cm)": 1.0,
            "target": 0.9381791663400608
        },
        "target": {
            "sepal length (cm)": 0.7980781172420549,
            "sepal width (cm)": -0.44028958413143404,
            "petal length (cm)": 0.9354305169914047,
            "petal width (cm)": 0.9381791663400608,
            "target": 1.0
        }
    },
    "feature_target_association": {
        "sepal length (cm)": {
            "mutual_info": 0.5059307646464863,
            "correlation": 0.7825612318100814
        },
        "sepal width (cm)": {
            "mutual_info": 0.3055269370143185,
            "correlation": -0.4266575607811243
        },
        "petal length (cm)": {
            "mutual_info": 0.9364613699660129,
            "correlation": 0.9490346990083884
        },
        "petal width (cm)": {
            "mutual_info": 0.9893676236122684,
            "correlation": 0.9565473328764028
        }
    },
    "vif": {
        "sepal length (cm)": 7.256534392625914,
        "sepal width (cm)": 2.107404334608149,
        "petal length (cm)": 34.74887396138025,
        "petal width (cm)": 20.7066869281571,
        "target": 14.366561464879865
    },
    "redundant_features": [
        [
            "petal length (cm)",
            "petal width (cm)",
            0.962865431402796
        ],
        [
            "petal width (cm)",
            "target",
            0.9565473328764024
        ]
    ],
    "interaction_patterns": {
        "interactions": [
            [
                "sepal length (cm)",
                "target",
                0.9879547904127877
            ],
            [
                "sepal width (cm)",
                "target",
                0.9852952250205753
            ],
            [
                "petal length (cm)",
                "target",
                0.9801431752654696
            ],
            [
                "petal width (cm)",
                "target",
                0.9620367939666652
            ],
            [
                "petal length (cm)",
                "petal width (cm)",
                0.9501226075795026
            ],
            [
                "sepal length (cm)",
                "petal width (cm)",
                0.9433822202943478
            ],
            [
                "sepal length (cm)",
                "petal length (cm)",
                0.9208084855190993
            ],
            [
                "sepal width (cm)",
                "petal width (cm)",
                0.9168167380325102
            ],
            [
                "sepal width (cm)",
                "petal length (cm)",
                0.9039413306314539
            ],
            [
                "sepal length (cm)",
                "sepal width (cm)",
                0.2956868845919949
            ]
        ]
    },
    "dimensionality_signals": {
        "explained_variance_ratio": [
            0.9226437296370195,
            0.04812763457472108,
            0.018264543440932483,
            0.00698983035833276,
            0.003974261988994071
        ]
    }
}